student_name,student_no,lecture,chapter,progress,time,count,exam1,exam2,exam1_incorrect_list,exam2_incorrect_list,last_study_datetime
Curtis,1,1,1,0.62,90,0,29.563067889227685,17.751291919898723,"[1, 3, 4, 5, 8, 14]","[2, 4, 14]",2025-06-01 01:30:00
Curtis,1,1,2,0.88,36,3,80.4061577024468,84.1415031479906,"[1, 3, 4, 7, 8, 9, 12, 20]","[11, 16]",2025-06-01 02:06:00
Curtis,1,1,3,0.96,28,4,50.42601334827139,49.63269693069724,"[8, 9, 14, 15, 18]","[4, 5]",2025-06-01 02:34:00
Curtis,1,1,4,0.98,57,3,100.0,100.0,"[1, 6]","[1, 6, 18]",2025-06-01 03:31:00
Curtis,1,1,5,0.98,67,3,90.3266703248231,17.279177482376227,"[5, 7, 9, 11, 14]","[5, 6, 7, 10, 11, 14, 16, 19]",2025-06-01 04:38:00
Curtis,1,2,1,0.6,79,3,92.0001040459148,96.69109986690505,"[4, 11]","[2, 3, 8, 20]",2025-06-01 05:57:00
Curtis,1,2,2,0.52,82,4,87.64941503296811,68.57480493218922,"[1, 3, 4, 5, 10, 12, 13, 17, 19]","[2, 6, 13, 14, 20]",2025-06-01 07:19:00
Curtis,1,2,3,0.59,21,5,100.0,56.84552816346808,"[4, 15, 18]","[2, 6, 10, 16]",2025-06-01 07:40:00
Curtis,1,2,4,0.61,30,3,81.22179536811899,38.99637378390443,"[3, 4, 10, 12, 13, 16, 17, 18]","[1, 4, 8, 9, 10, 11, 13, 17, 19]",2025-06-01 08:10:00
Curtis,1,2,5,0.94,83,1,43.240277557831696,55.08507088687726,"[2, 3, 4, 8, 10, 14, 20]",[16],2025-06-01 09:33:00
Jason,2,1,1,0.97,40,4,86.12734655760961,84.18383874336853,"[4, 9, 13, 15]","[5, 7, 9, 15, 17]",2025-06-01 00:40:00
Jason,2,1,2,0.51,37,3,33.47301515653212,54.032551787227625,"[6, 7, 11, 12, 18, 20]",[4],2025-06-01 01:17:00
Jason,2,1,3,0.97,83,5,100.0,82.38393135293494,[9],"[6, 9, 11, 15, 19]",2025-06-01 02:40:00
Jason,2,1,4,0.94,57,4,96.6723875308148,97.33271532280754,"[3, 6, 7, 8, 17, 18, 19]","[1, 6, 7, 10, 11]",2025-06-01 03:37:00
Jason,2,1,5,0.43,51,2,81.53580620797224,80.45425946368806,"[2, 4, 8, 9, 11, 18]","[13, 14, 20]",2025-06-01 04:28:00
Jason,2,2,1,0.59,30,5,50.45038383269046,41.24834248374636,[],"[3, 4, 11, 13, 17, 18]",2025-06-01 04:58:00
Jason,2,2,2,0.5,64,1,62.94130350307703,100.0,"[2, 9, 11, 13]","[5, 8, 11, 16]",2025-06-01 06:02:00
Jason,2,2,3,0.64,52,3,53.56642833150275,74.30651625687193,"[3, 7, 11, 16, 19]","[1, 9, 13]",2025-06-01 06:54:00
Jason,2,2,4,0.83,60,2,23.8125491132094,42.984755559003524,"[4, 5, 9, 13, 15, 18]","[8, 15]",2025-06-01 07:54:00
Jason,2,2,5,0.99,27,2,36.78754327664947,42.793958520481695,"[6, 9, 13, 14, 18, 20]","[1, 4, 6, 9, 10, 11, 12, 19, 20]",2025-06-01 08:21:00
David,3,1,1,0.84,30,4,100.0,67.09685823457104,[],"[2, 4, 10, 15]",2025-06-01 00:30:00
David,3,1,2,0.94,70,2,71.39164403213093,71.27204053775044,"[5, 8, 17]","[4, 6, 10, 13, 17]",2025-06-01 01:40:00
David,3,1,3,0.95,60,1,48.24991729776065,42.44203325866391,"[2, 3, 4, 5, 11, 13, 16, 19]","[8, 10, 12]",2025-06-01 02:40:00
David,3,1,4,0.52,36,1,44.143936790735694,100.0,"[3, 13, 14, 18]",[],2025-06-01 03:16:00
David,3,1,5,0.64,65,0,100.0,60.531207888483,"[1, 9, 11, 12, 15, 17, 20]","[5, 6, 8, 10, 12, 15, 16, 19]",2025-06-01 04:21:00
David,3,2,1,0.46,51,1,33.512906116651365,52.6775217941644,"[3, 4, 5, 7, 9, 11, 18, 20]","[14, 18]",2025-06-01 05:12:00
David,3,2,2,0.5,73,5,51.57447452289668,100.0,"[1, 9, 15]",[],2025-06-01 06:25:00
David,3,2,3,0.66,39,2,52.73888129457892,100.0,"[4, 6, 10, 17, 20]",[],2025-06-01 07:04:00
David,3,2,4,0.58,52,1,100.0,98.84906159398935,"[5, 6, 7, 12, 17]",[16],2025-06-01 07:56:00
David,3,2,5,0.85,59,4,92.91791843235703,41.19981023057959,[18],"[7, 8, 18]",2025-06-01 08:55:00
Justin,4,1,1,0.76,51,0,46.88767464088466,43.2453085128717,"[1, 17]","[3, 20]",2025-06-01 00:51:00
Justin,4,1,2,0.72,21,2,52.03591922398296,88.92101606371668,"[1, 4, 5, 6, 11, 13, 15, 16, 20]","[15, 17]",2025-06-01 01:12:00
Justin,4,1,3,0.62,52,0,66.56836486062734,65.7161946283677,"[2, 3, 8, 12, 17, 20]","[2, 3, 4, 12, 14, 17]",2025-06-01 02:04:00
Justin,4,1,4,0.44,49,2,32.471391400233934,43.793896963493545,"[3, 5, 16, 17, 18]",[18],2025-06-01 02:53:00
Justin,4,1,5,0.46,52,4,100.0,100.0,[],"[5, 6, 7, 14, 16, 17, 18]",2025-06-01 03:45:00
Justin,4,2,1,0.69,45,0,100.0,100.0,"[16, 18]","[15, 17]",2025-06-01 04:30:00
Justin,4,2,2,0.89,41,3,100.0,86.5115049542479,"[6, 9]","[4, 7]",2025-06-01 05:11:00
Justin,4,2,3,0.88,85,5,22.399494387862546,100.0,"[7, 10, 14, 17, 18]","[16, 19]",2025-06-01 06:36:00
Justin,4,2,4,0.74,57,5,100.0,48.83501941685006,"[12, 13, 15, 17]","[3, 17]",2025-06-01 07:33:00
Justin,4,2,5,0.44,65,2,53.003347008864566,23.07538293395626,[],"[2, 5, 8, 10, 14, 15, 20]",2025-06-01 08:38:00
Francisco,5,1,1,0.49,34,3,54.07239704155425,73.14796804425326,"[1, 3, 4, 6, 8, 15, 18]","[2, 18]",2025-06-01 00:34:00
Francisco,5,1,2,0.88,63,0,59.21443298147045,78.18854098764245,"[1, 8, 18, 19, 20]","[1, 10, 13, 15]",2025-06-01 01:37:00
Francisco,5,1,3,0.41,68,3,100.0,95.28548628943676,[3],"[1, 3, 7, 9]",2025-06-01 02:45:00
Francisco,5,1,4,0.46,80,3,96.18118015298421,75.73774083233022,"[2, 8]","[2, 3, 12, 14]",2025-06-01 04:05:00
Francisco,5,1,5,0.6,86,0,13.588551835021946,47.245702106649205,"[2, 3, 4, 5, 8, 11, 16, 18, 20]","[2, 3, 5, 16, 18, 19]",2025-06-01 05:31:00
Francisco,5,2,1,0.81,25,4,96.80091253990169,90.55846491342078,"[5, 16, 18]","[5, 6, 7, 12, 14, 15, 20]",2025-06-01 05:56:00
Francisco,5,2,2,0.8,28,3,51.213543880070276,30.216781535327357,"[8, 16]","[3, 5, 13, 15, 19]",2025-06-01 06:24:00
Francisco,5,2,3,0.61,25,3,96.15769872931796,79.67759930084185,"[4, 7, 14, 18, 20]","[4, 5, 6, 12, 13]",2025-06-01 06:49:00
Francisco,5,2,4,0.69,51,4,58.078233215286005,98.44780378974207,"[2, 12, 14, 15, 19]","[1, 8, 19]",2025-06-01 07:40:00
Francisco,5,2,5,0.64,60,3,49.77307245212553,100.0,"[2, 4, 13]",[],2025-06-01 08:40:00
Sue,6,1,1,0.49,27,3,81.20049099194772,99.13449019734443,"[4, 11]",[],2025-06-01 00:27:00
Sue,6,1,2,0.94,69,3,100.0,100.0,"[7, 8]","[10, 15]",2025-06-01 01:36:00
Sue,6,1,3,0.96,81,5,49.293397656395804,62.96858006352826,"[7, 18]","[4, 6, 8, 13, 14, 16, 18, 20]",2025-06-01 02:57:00
Sue,6,1,4,0.41,81,1,54.250717495894555,86.62066989661409,"[5, 6, 9, 14, 15]","[2, 4, 5, 7, 9, 11, 13]",2025-06-01 04:18:00
Sue,6,1,5,0.5,26,4,100.0,78.28000174348145,[],"[1, 2, 3, 7, 8, 10, 14]",2025-06-01 04:44:00
Sue,6,2,1,0.71,23,3,39.67548869684708,49.986676699572364,"[3, 4, 8, 15, 20]","[2, 15]",2025-06-01 05:07:00
Sue,6,2,2,0.71,25,5,74.59555232637477,65.73393385626754,"[1, 2, 3, 18]","[2, 4, 8, 9, 13, 14, 18, 19, 20]",2025-06-01 05:32:00
Sue,6,2,3,0.68,77,4,100.0,100.0,"[6, 8]","[2, 5]",2025-06-01 06:49:00
Sue,6,2,4,0.8,41,2,52.96660367916718,95.88305508377348,"[7, 13, 14, 16, 19]","[4, 5, 8, 10, 11, 17, 20]",2025-06-01 07:30:00
Sue,6,2,5,0.9,45,2,82.61450256977449,82.6679199986731,"[2, 6, 13]","[5, 8, 14, 17]",2025-06-01 08:15:00
Justin,7,1,1,0.43,22,3,73.45040719485961,77.27687210169111,"[1, 7, 9, 10, 13, 15]",[10],2025-06-01 00:22:00
Justin,7,1,2,0.59,60,5,51.276468766381925,66.56892890196488,"[5, 7, 10, 16, 18]","[2, 6, 9, 18]",2025-06-01 01:22:00
Justin,7,1,3,0.66,79,5,48.11018007669021,71.82163359454017,"[2, 7, 18]","[14, 16, 18]",2025-06-01 02:41:00
Justin,7,1,4,0.46,33,4,42.63820494300074,23.507850533353352,"[2, 9, 11, 16, 18, 20]","[2, 12, 13, 17]",2025-06-01 03:14:00
Justin,7,1,5,0.79,31,4,100.0,79.33216381414096,"[2, 3, 6, 14, 16, 17, 20]","[5, 7, 10, 11, 14, 19]",2025-06-01 03:45:00
Justin,7,2,1,0.49,31,5,85.92154654021849,50.49543836800999,"[3, 4, 8, 13, 20]","[5, 6, 8, 14, 16, 17, 18]",2025-06-01 04:16:00
Justin,7,2,2,0.62,32,4,99.43147192476422,99.10861931534524,[19],[5],2025-06-01 04:48:00
Justin,7,2,3,0.77,44,5,85.23327361534902,60.83989945338223,"[2, 8, 19]","[2, 9, 14, 15, 17, 18, 20]",2025-06-01 05:32:00
Justin,7,2,4,0.96,64,1,24.525991699993543,29.15481693730803,"[3, 4, 5, 11, 14, 15, 17, 20]","[5, 6, 7, 8, 9, 11, 13]",2025-06-01 06:36:00
Justin,7,2,5,0.54,38,5,48.70514633621291,56.502643918574066,"[5, 8, 9, 11, 13, 15, 16, 19, 20]",[3],2025-06-01 07:14:00
Tiffany,8,1,1,0.92,74,2,39.36545760177028,36.62844359866829,"[1, 3, 11]","[2, 3, 7, 12, 15]",2025-06-01 01:14:00
Tiffany,8,1,2,0.47,64,4,43.374141635756104,99.75034068042935,"[3, 4, 15, 19]","[2, 9, 13]",2025-06-01 02:18:00
Tiffany,8,1,3,0.98,27,5,11.57985110481385,41.292333596881726,"[2, 5, 6, 7, 9, 15, 17, 18]",[],2025-06-01 02:45:00
Tiffany,8,1,4,0.81,72,5,51.78141665223133,32.80368387653987,[8],"[3, 7, 16, 18, 19]",2025-06-01 03:57:00
Tiffany,8,1,5,0.63,74,4,86.632950728472,53.4951435673992,"[6, 10, 11, 12, 13, 15, 16, 19]","[1, 7, 10, 11, 20]",2025-06-01 05:11:00
Tiffany,8,2,1,0.63,51,1,27.782291655988697,39.822266762196875,"[1, 3, 4, 5, 10, 15, 17, 18]",[7],2025-06-01 06:02:00
Tiffany,8,2,2,0.93,70,1,30.09965652620843,27.756072726429046,"[4, 5, 18, 20]","[4, 7, 8, 13, 15, 16]",2025-06-01 07:12:00
Tiffany,8,2,3,0.63,63,4,45.44756418326774,23.257969466246383,"[7, 9, 10, 11, 17, 18]","[8, 9, 10, 11, 13, 18, 19, 20]",2025-06-01 08:15:00
Tiffany,8,2,4,0.84,89,0,40.82693169692131,26.36255127677312,"[2, 9, 16, 17, 18, 20]","[8, 9, 10, 12, 16, 20]",2025-06-01 09:44:00
Tiffany,8,2,5,0.9,37,4,52.89093301251644,42.9210587917749,[14],"[4, 6, 7, 11, 12, 16]",2025-06-01 10:21:00
Jacob,9,1,1,0.76,41,4,100.0,75.2006846275699,"[1, 2, 5, 9, 11, 17]","[2, 5, 8, 14]",2025-06-01 00:41:00
Jacob,9,1,2,0.54,56,1,31.23663646554501,76.9740710157081,"[1, 2, 3, 6, 9, 12, 14, 15, 18]","[1, 3, 9, 10, 14, 18]",2025-06-01 01:37:00
Jacob,9,1,3,0.98,75,1,16.846906747488564,40.13191279788357,[],"[7, 8, 9, 11, 13, 16, 18, 19]",2025-06-01 02:52:00
Jacob,9,1,4,0.44,78,4,89.51041071418159,86.80334015604633,[],[11],2025-06-01 04:10:00
Jacob,9,1,5,0.54,22,4,16.2439305093206,22.806698541565783,"[1, 2, 3, 5, 6, 12, 14, 17, 18]","[9, 15, 16, 19]",2025-06-01 04:32:00
Jacob,9,2,1,0.4,47,4,82.45836431505559,46.541902046356526,"[2, 4, 6, 7, 8, 9, 12, 13]","[1, 3, 5, 6, 9, 11, 12, 16, 20]",2025-06-01 05:19:00
Jacob,9,2,2,0.64,54,1,18.921005915673167,45.459279346941166,"[1, 5, 6, 7, 8, 14, 15, 17]","[1, 2, 3, 17, 19]",2025-06-01 06:13:00
Jacob,9,2,3,0.9,80,4,5.3641378628407,89.74345198448322,"[2, 3, 6, 8, 9, 11, 12, 13, 14]","[1, 3, 5, 8, 14, 19]",2025-06-01 07:33:00
Jacob,9,2,4,0.53,73,4,53.499671334863834,99.59760923737349,"[2, 7, 8, 13, 14, 16]","[7, 15, 17]",2025-06-01 08:46:00
Jacob,9,2,5,0.47,82,3,47.72477524642617,77.62154156820746,"[12, 15]",[12],2025-06-01 10:08:00
Anita,10,1,1,0.82,26,0,43.70945819153445,42.11386959812549,"[1, 5, 6, 7, 8, 10, 16, 19]","[2, 16]",2025-06-01 00:26:00
Anita,10,1,2,0.66,68,2,85.73177788281902,100.0,"[3, 9, 12, 13, 17]",[],2025-06-01 01:34:00
Anita,10,1,3,0.91,50,0,100.0,47.76754973906877,[],"[1, 9, 14, 16, 18, 19, 20]",2025-06-01 02:24:00
Anita,10,1,4,0.59,77,3,52.744631595789734,31.20162464611139,[18],"[1, 2, 3, 9, 10, 13, 14, 15, 18]",2025-06-01 03:41:00
Anita,10,1,5,0.56,80,2,100.0,100.0,[11],"[5, 6, 7, 8, 9, 14, 17, 19]",2025-06-01 05:01:00
Anita,10,2,1,0.92,43,4,88.594095356359,67.60209754031459,"[1, 2, 4, 6, 9, 10, 18, 20]","[3, 12, 13]",2025-06-01 05:44:00
Anita,10,2,2,0.89,39,3,59.429799102065004,18.296317296772038,"[4, 11, 12, 14, 20]","[8, 10, 11, 13, 14, 15, 18]",2025-06-01 06:23:00
Anita,10,2,3,0.75,56,4,16.668727849855074,100.0,"[1, 2, 7, 9, 12, 13, 17, 18, 19]","[2, 3, 13, 17, 20]",2025-06-01 07:19:00
Anita,10,2,4,0.42,23,1,38.13737693941658,100.0,"[3, 6, 7, 10, 11, 12, 14, 18]","[13, 16, 18]",2025-06-01 07:42:00
Anita,10,2,5,0.43,39,5,92.77850527651991,73.01930564150783,[11],"[1, 2, 6]",2025-06-01 08:21:00
Christopher,11,1,1,0.41,79,3,0.0,52.037599990771334,"[4, 6, 10, 14, 17, 19]","[1, 3, 4, 9, 11, 14, 15, 16, 19]",2025-06-01 01:19:00
Christopher,11,1,2,0.89,43,1,42.0618749202749,21.731800748866416,"[5, 7, 10, 13, 18]","[2, 7, 9, 15, 16, 19]",2025-06-01 02:02:00
Christopher,11,1,3,0.58,69,3,7.798099746059883,72.33213609736266,"[1, 6, 9, 10, 13, 14, 19, 20]","[2, 3, 6, 9, 15, 18]",2025-06-01 03:11:00
Christopher,11,1,4,0.91,68,3,100.0,100.0,[10],[],2025-06-01 04:19:00
Christopher,11,1,5,0.62,70,1,39.04764915929013,34.89216034564004,"[7, 10, 14]","[1, 11]",2025-06-01 05:29:00
Christopher,11,2,1,0.45,55,2,91.69818896910701,82.99571585732173,"[11, 15, 19]","[3, 5, 7, 10, 13, 16, 18, 19]",2025-06-01 06:24:00
Christopher,11,2,2,0.66,85,0,52.26072337721801,75.15783605410127,"[7, 13, 15, 16, 17, 19, 20]","[8, 11, 12, 13, 16, 18, 19]",2025-06-01 07:49:00
Christopher,11,2,3,0.58,53,4,64.86339829432717,100.0,"[2, 3, 6, 10, 11, 13, 14, 17]",[5],2025-06-01 08:42:00
Christopher,11,2,4,0.56,55,3,50.26186301217867,76.30246131781901,"[1, 5, 7, 8, 10, 15, 20]","[3, 17]",2025-06-01 09:37:00
Christopher,11,2,5,0.63,25,4,65.98612189992868,78.70252132122887,"[3, 8, 15, 16]","[2, 12]",2025-06-01 10:02:00
Jeffery,12,1,1,0.98,58,5,52.779479387800414,40.58162313690775,"[7, 13, 14, 16, 19]","[4, 14]",2025-06-01 00:58:00
Jeffery,12,1,2,0.92,61,1,100.0,41.14315426223335,"[5, 8, 13]","[1, 3, 5, 8, 11, 13, 16, 18, 20]",2025-06-01 01:59:00
Jeffery,12,1,3,0.63,77,4,100.0,100.0,[1],"[8, 12, 13, 16]",2025-06-01 03:16:00
Jeffery,12,1,4,0.41,31,1,73.65528044531993,42.6349209219556,"[1, 4, 6, 8, 14, 15]","[3, 4, 6, 10, 13, 14, 18]",2025-06-01 03:47:00
Jeffery,12,1,5,0.56,22,4,64.3645746465623,39.54217918887676,"[8, 18]","[3, 5, 9, 11, 12, 13, 16, 20]",2025-06-01 04:09:00
Jeffery,12,2,1,0.76,37,0,58.66036716791175,80.78439182304577,"[4, 5, 8, 11, 13, 15, 19]","[1, 2, 4, 5, 11, 12, 13]",2025-06-01 04:46:00
Jeffery,12,2,2,0.63,59,0,37.350159219334145,74.55971303568185,"[6, 12, 14, 15, 17, 18, 20]","[2, 3, 4, 9, 10, 12, 15]",2025-06-01 05:45:00
Jeffery,12,2,3,0.83,40,0,60.74124535952786,100.0,"[8, 9, 15, 16, 18]","[6, 14]",2025-06-01 06:25:00
Jeffery,12,2,4,0.76,34,0,29.360245305045567,62.502874618600416,"[2, 5, 8, 9, 12, 15, 16, 17]",[15],2025-06-01 06:59:00
Jeffery,12,2,5,0.42,45,0,100.0,100.0,"[3, 8, 9, 11, 15, 16, 18]","[14, 17, 18, 20]",2025-06-01 07:44:00
Christine,13,1,1,0.9,27,0,73.56763572099135,59.125577388827175,[8],"[1, 4]",2025-06-01 00:27:00
Christine,13,1,2,0.4,61,1,37.3776120897609,93.04403077882922,"[3, 5, 6, 7, 9, 13, 14, 18]","[3, 12]",2025-06-01 01:28:00
Christine,13,1,3,0.91,63,3,22.21570340019486,75.84039622479813,"[2, 7, 10, 13, 14, 15, 17, 19]","[3, 11, 13, 18]",2025-06-01 02:31:00
Christine,13,1,4,0.89,33,4,64.18163016187648,50.88882727686055,"[1, 13, 19]","[1, 10, 13, 14]",2025-06-01 03:04:00
Christine,13,1,5,0.67,21,0,34.097265177129096,20.293235973019144,"[1, 10, 12, 16]","[3, 6, 7, 8, 11, 13, 17, 18, 20]",2025-06-01 03:25:00
Christine,13,2,1,0.99,56,1,82.66432010588605,59.611074858169836,"[13, 14, 18]","[2, 3, 5, 7, 9, 10, 16, 20]",2025-06-01 04:21:00
Christine,13,2,2,0.68,88,1,76.57979606592204,62.959108910498884,[18],"[9, 10, 14, 16]",2025-06-01 05:49:00
Christine,13,2,3,0.72,57,1,21.79217327563149,100.0,"[7, 8, 9, 16, 17, 19, 20]",[3],2025-06-01 06:46:00
Christine,13,2,4,0.43,60,3,36.11468367791935,95.76252270799132,"[1, 6, 11, 13, 19]",[],2025-06-01 07:46:00
Christine,13,2,5,0.97,81,4,100.0,63.83468061029847,[],[],2025-06-01 09:07:00
Sherry,14,1,1,0.53,79,3,71.68536892013327,30.61007463292333,"[1, 5, 13, 15, 18]","[7, 8, 9, 12, 16, 18]",2025-06-01 01:19:00
Sherry,14,1,2,0.71,33,2,49.46420236162667,40.73716474771492,[19],"[1, 4, 5, 6, 10, 13]",2025-06-01 01:52:00
Sherry,14,1,3,0.59,21,1,81.06320268412293,36.0200874118937,"[1, 3, 5, 8, 14, 17, 18, 19]","[11, 13, 15, 18, 20]",2025-06-01 02:13:00
Sherry,14,1,4,0.57,89,2,63.078340577068055,82.29600689734366,"[2, 6, 7, 8, 9, 11, 13, 14]","[5, 7, 10, 11, 14]",2025-06-01 03:42:00
Sherry,14,1,5,0.42,36,5,51.74994157014501,78.65789674563419,"[9, 13, 14]","[5, 6, 11, 12, 13, 16, 19]",2025-06-01 04:18:00
Sherry,14,2,1,0.72,47,0,90.11776586169321,50.90393628169584,"[3, 9, 16]","[8, 11, 13, 16, 19]",2025-06-01 05:05:00
Sherry,14,2,2,0.58,85,0,100.0,100.0,"[1, 18]",[9],2025-06-01 06:30:00
Sherry,14,2,3,0.72,54,3,83.92186706530492,46.963168446840065,[2],"[12, 13]",2025-06-01 07:24:00
Sherry,14,2,4,0.7,24,4,92.19476666993899,90.7725117198218,"[3, 8, 12]","[4, 7, 19]",2025-06-01 07:48:00
Sherry,14,2,5,0.9,84,2,86.62806984305163,87.92879339664555,"[1, 2, 8]","[18, 19]",2025-06-01 09:12:00
David,15,1,1,0.51,59,4,100.0,53.88013058493984,"[1, 5, 7, 8, 17, 18]","[1, 5, 6, 7, 8, 12, 13, 15, 18]",2025-06-01 00:59:00
David,15,1,2,0.65,75,3,68.70344706048485,64.11809895953493,"[4, 7, 19]",[3],2025-06-01 02:14:00
David,15,1,3,0.5,55,0,100.0,68.43331073650577,[],[14],2025-06-01 03:09:00
David,15,1,4,0.47,64,4,78.87674446882444,100.0,"[9, 15]","[5, 8, 10, 16]",2025-06-01 04:13:00
David,15,1,5,0.57,42,4,43.261819448065815,100.0,"[1, 2, 4, 6, 10, 12, 16, 19]",[9],2025-06-01 04:55:00
David,15,2,1,0.95,66,0,80.96562685949714,83.4558520588501,"[10, 13, 18, 19]","[3, 5, 8, 10, 13, 14, 15]",2025-06-01 06:01:00
David,15,2,2,0.85,50,2,69.24448169503655,100.0,"[3, 4, 7, 8, 10, 11, 14, 16]","[13, 19]",2025-06-01 06:51:00
David,15,2,3,0.69,30,0,100.0,100.0,"[2, 4, 6, 9, 11, 12, 14, 18, 19]","[17, 18]",2025-06-01 07:21:00
David,15,2,4,0.76,29,4,35.35600298771974,33.77379361960178,"[1, 4, 7, 11, 14, 16]","[2, 14, 18]",2025-06-01 07:50:00
David,15,2,5,0.88,86,2,65.2174606815202,61.24806211569252,"[5, 6, 9, 11, 12, 14, 15, 20]","[3, 4, 6, 8, 11, 12, 15, 18]",2025-06-01 09:16:00
William,16,1,1,0.51,33,2,100.0,16.39401679857901,[],"[1, 2, 5, 6, 11, 13, 14, 15, 19]",2025-06-01 00:33:00
William,16,1,2,0.53,29,0,100.0,87.64837476417004,[9],"[8, 17]",2025-06-01 01:02:00
William,16,1,3,0.73,20,4,68.60806017795709,100.0,"[16, 18, 20]","[17, 18]",2025-06-01 01:22:00
William,16,1,4,0.82,24,3,100.0,44.67768570443971,"[8, 9, 11, 14, 15]","[7, 8, 12, 13, 15, 18, 19, 20]",2025-06-01 01:46:00
William,16,1,5,0.65,39,4,42.019048294395944,49.00248864839519,[3],[19],2025-06-01 02:25:00
William,16,2,1,0.54,27,1,26.823261352205986,52.0510632768573,"[1, 6, 8, 9, 13, 15, 19]",[],2025-06-01 02:52:00
William,16,2,2,0.7,62,5,39.09453755821319,42.67854759174929,"[5, 6, 7, 11, 13, 16, 18, 20]","[1, 5, 12, 17]",2025-06-01 03:54:00
William,16,2,3,0.7,20,3,31.72645588139459,41.968478571425265,"[1, 2, 4, 7, 9, 11, 12, 16, 19]","[2, 3, 4, 10, 14, 16]",2025-06-01 04:14:00
William,16,2,4,0.6,76,2,93.99387415895097,100.0,"[8, 16, 18]",[],2025-06-01 05:30:00
William,16,2,5,0.78,83,3,71.0380386148871,87.48598586735623,"[1, 15, 16, 20]","[5, 10, 11, 12, 15]",2025-06-01 06:53:00
Margaret,17,1,1,0.58,47,2,0.0,61.66803377886046,"[3, 5, 8, 10, 13, 18]","[2, 7, 8, 12, 16, 17, 18, 19]",2025-06-01 00:47:00
Margaret,17,1,2,0.47,56,2,85.75835050996893,79.81547882832048,[19],"[3, 11, 15]",2025-06-01 01:43:00
Margaret,17,1,3,0.96,66,3,70.019174627025,92.52063670965407,"[12, 16, 18]","[2, 4, 10]",2025-06-01 02:49:00
Margaret,17,1,4,0.78,56,7,100.0,100.0,"[12, 14, 17]",[1],2025-06-01 03:45:00
Margaret,17,1,5,0.76,68,2,64.79506866582622,100.0,"[11, 12, 15, 18]","[3, 4, 6, 8, 9, 11, 18]",2025-06-01 04:53:00
Margaret,17,2,1,0.86,63,1,100.0,95.94770249533777,"[2, 4, 6, 8, 9, 10, 12, 16, 20]","[3, 7, 8, 11, 13, 14, 15, 18, 20]",2025-06-01 05:56:00
Margaret,17,2,2,0.54,75,4,100.0,89.75198368608866,"[6, 7, 16, 18, 20]","[1, 6, 13, 14]",2025-06-01 07:11:00
Margaret,17,2,3,0.86,47,4,66.47453158964846,86.49232313446318,"[4, 9, 10, 17, 19]","[7, 20]",2025-06-01 07:58:00
Margaret,17,2,4,0.86,25,5,100.0,73.83430628802765,"[7, 8, 10]","[1, 12, 13, 14, 15, 19]",2025-06-01 08:23:00
Margaret,17,2,5,0.53,80,5,87.177871167677,97.68886591200649,"[1, 5, 6, 10, 12]","[7, 9, 20]",2025-06-01 09:43:00
Ashley,18,1,1,0.71,39,1,84.30231181935527,93.5825941838805,"[2, 9, 10, 19]","[3, 4, 6, 19]",2025-06-01 00:39:00
Ashley,18,1,2,0.6,21,5,93.66726292934713,92.29257917587734,"[1, 4, 5, 8, 10, 16]","[4, 5, 7, 8, 11, 12, 15, 19]",2025-06-01 01:00:00
Ashley,18,1,3,0.82,56,3,54.101028195352974,49.01239313459516,"[15, 16]","[11, 13, 17]",2025-06-01 01:56:00
Ashley,18,1,4,0.93,39,0,53.81120464891281,44.256270088479184,[11],[20],2025-06-01 02:35:00
Ashley,18,1,5,0.56,45,0,100.0,100.0,"[2, 6]","[4, 12, 13, 17, 19]",2025-06-01 03:20:00
Ashley,18,2,1,0.72,48,0,100.0,97.73357635398159,"[4, 9, 16]","[2, 3, 5, 6, 10, 15, 19]",2025-06-01 04:08:00
Ashley,18,2,2,0.94,20,1,86.78090352526924,62.35663937573959,"[3, 13, 16, 20]","[3, 4, 6, 8, 10, 12, 16]",2025-06-01 04:28:00
Ashley,18,2,3,0.46,54,1,53.749948264991154,100.0,"[2, 4, 5, 10, 18, 19, 20]","[5, 13, 14, 17]",2025-06-01 05:22:00
Ashley,18,2,4,0.46,89,2,38.22175926810118,100.0,[4],[],2025-06-01 06:51:00
Ashley,18,2,5,0.71,78,0,100.0,48.93204952091392,"[8, 13, 14, 17, 18, 20]","[6, 9, 11, 12, 13, 14, 16, 19]",2025-06-01 08:09:00
Gabrielle,19,1,1,0.66,88,3,34.755284956301814,59.765505420002626,"[10, 14, 15, 19]","[3, 6, 10, 16, 18, 20]",2025-06-01 01:28:00
Gabrielle,19,1,2,0.97,52,5,100.0,100.0,[19],"[6, 11, 15]",2025-06-01 02:20:00
Gabrielle,19,1,3,0.74,70,3,51.11613162874359,40.85266418574066,[20],"[2, 20]",2025-06-01 03:30:00
Gabrielle,19,1,4,0.84,31,5,71.14402974199399,43.88262598871874,"[2, 4, 7, 9, 11, 18, 20]","[1, 5, 7, 9, 12, 13, 14, 16, 18]",2025-06-01 04:01:00
Gabrielle,19,1,5,0.48,39,0,51.744957459277124,60.733915585759206,"[1, 3, 6, 7, 8, 12, 18, 19, 20]","[8, 14, 15, 16, 19, 20]",2025-06-01 04:40:00
Gabrielle,19,2,1,0.83,72,0,58.067276252720504,21.911770589945345,[20],[6],2025-06-01 05:52:00
Gabrielle,19,2,2,0.63,62,0,100.0,100.0,[],"[3, 19]",2025-06-01 06:54:00
Gabrielle,19,2,3,0.6,69,1,89.82167638997709,100.0,"[2, 8, 10, 16, 19]","[1, 8]",2025-06-01 08:03:00
Gabrielle,19,2,4,0.45,48,5,47.88290746877781,49.23952423637282,"[10, 15]","[2, 3, 8, 9, 10, 13, 20]",2025-06-01 08:51:00
Gabrielle,19,2,5,0.76,76,1,100.0,61.854050943291824,[3],"[2, 4, 10, 15, 16, 17, 19]",2025-06-01 10:07:00
Stephanie,20,1,1,0.57,58,1,89.13884327297113,58.62262256224597,"[7, 8, 9, 14]",[9],2025-06-01 00:58:00
Stephanie,20,1,2,0.59,75,4,17.97451665532205,99.42063325873947,"[1, 2, 3, 4, 5, 8, 9, 14, 18]","[2, 9, 12, 15, 18, 20]",2025-06-01 02:13:00
Stephanie,20,1,3,0.46,62,3,83.09491325586403,64.16113947512079,"[4, 6, 8, 10, 15, 19]","[4, 7, 8, 10, 14]",2025-06-01 03:15:00
Stephanie,20,1,4,0.88,69,3,6.922649324305176,52.92180246925015,"[8, 9, 10, 13, 16, 17]","[2, 3, 4, 8, 9, 12, 14, 15, 20]",2025-06-01 04:24:00
Stephanie,20,1,5,0.45,42,2,56.83059320620087,42.11948791246409,"[1, 2, 3, 9, 11, 14, 19]","[7, 12, 19]",2025-06-01 05:06:00
Stephanie,20,2,1,0.44,63,1,61.25588915451243,36.08443778363534,"[8, 19]","[1, 4, 5, 6, 7, 13, 14, 19, 20]",2025-06-01 06:09:00
Stephanie,20,2,2,0.73,57,5,100.0,45.19004226191216,[19],"[5, 6, 9, 12, 13, 16, 18, 19, 20]",2025-06-01 07:06:00
Stephanie,20,2,3,0.45,42,4,37.05460398584678,28.981438642781526,"[1, 2, 6, 8, 9, 11, 16, 19]","[4, 5, 9, 13, 15, 17, 19]",2025-06-01 07:48:00
Stephanie,20,2,4,0.84,64,4,87.12305945019344,96.64412535008124,"[3, 6, 8, 9, 14, 16]","[2, 9, 14]",2025-06-01 08:52:00
Stephanie,20,2,5,0.72,71,3,57.37747807574705,83.99113852410078,"[11, 12, 14, 18]",[5],2025-06-01 10:03:00
James,21,1,1,0.77,69,1,100.0,100.0,[],"[5, 8, 11, 20]",2025-06-01 01:09:00
James,21,1,2,0.71,27,2,58.64766869153191,67.79671522314378,"[4, 5, 6, 11, 14, 16, 18]","[5, 8, 9, 13, 16]",2025-06-01 01:36:00
James,21,1,3,0.77,20,1,79.62751378301779,100.0,"[2, 3, 5, 6, 13, 15, 18]","[3, 7, 9, 13, 14, 15, 17]",2025-06-01 01:56:00
James,21,1,4,0.57,27,0,66.40665669878804,86.85885063204648,"[1, 4, 11, 13, 14, 17, 20]","[1, 9, 10, 11, 12, 15, 16]",2025-06-01 02:23:00
James,21,1,5,0.96,48,1,8.783466084796839,27.97256864863061,"[2, 6, 7, 8, 9, 10, 14, 15, 18]","[3, 4, 7, 12, 13, 15, 20]",2025-06-01 03:11:00
James,21,2,1,0.49,24,0,100.0,100.0,"[2, 15]","[7, 9, 10, 11, 16]",2025-06-01 03:35:00
James,21,2,2,0.94,66,0,52.4153139274846,85.96707380947865,"[5, 7, 8, 9, 10, 12, 18]","[5, 11, 13, 15, 16, 17, 18, 20]",2025-06-01 04:41:00
James,21,2,3,0.85,53,2,100.0,100.0,"[4, 16]","[1, 2, 4, 15, 20]",2025-06-01 05:34:00
James,21,2,4,0.7,84,5,89.6330628339185,68.26496952744533,[1],"[4, 6, 15, 18]",2025-06-01 06:58:00
James,21,2,5,0.56,74,3,44.82402799502317,39.57892888343533,"[6, 8, 20]","[1, 7, 14]",2025-06-01 08:12:00
Michael,22,1,1,0.48,62,1,100.0,100.0,[10],"[3, 5, 6, 9, 10, 11, 18]",2025-06-01 01:02:00
Michael,22,1,2,0.82,49,0,40.105076371167705,19.099807708357144,"[1, 14, 18, 20]","[2, 3, 6, 9, 12]",2025-06-01 01:51:00
Michael,22,1,3,0.99,36,1,100.0,93.52741039546049,[3],"[1, 2, 3, 8, 10, 12, 13, 14]",2025-06-01 02:27:00
Michael,22,1,4,0.51,45,5,55.24877280918806,93.51756766637321,"[4, 5, 8, 12, 15, 19, 20]","[3, 5, 7, 16]",2025-06-01 03:12:00
Michael,22,1,5,0.65,27,3,87.88617367703328,46.7130360577392,[],"[1, 8, 15, 16, 17, 19]",2025-06-01 03:39:00
Michael,22,2,1,0.48,66,5,55.90015617450818,19.264049736068998,"[9, 10, 14, 17]","[2, 4, 5, 7, 11, 14, 15, 16, 19]",2025-06-01 04:45:00
Michael,22,2,2,0.77,65,3,63.121955963021506,54.3687812647018,"[8, 15, 16, 20]","[3, 4, 10, 11, 12, 20]",2025-06-01 05:50:00
Michael,22,2,3,0.56,87,4,84.61401907100448,36.096975105276876,"[5, 18]",[13],2025-06-01 07:17:00
Michael,22,2,4,0.81,52,3,100.0,80.16533513735918,[13],[5],2025-06-01 08:09:00
Michael,22,2,5,0.71,20,2,89.67608323792157,100.0,[7],"[3, 5]",2025-06-01 08:29:00
Shawn,23,1,1,0.58,38,5,49.90321042308383,56.512427896314136,"[5, 17, 20]","[1, 6, 15, 17, 19, 20]",2025-06-01 00:38:00
Shawn,23,1,2,0.62,50,0,80.12473651138494,98.39855475809071,"[3, 9, 11, 14]","[2, 3, 5, 7, 14, 15, 17, 20]",2025-06-01 01:28:00
Shawn,23,1,3,0.48,33,4,88.80850257280451,100.0,"[1, 9, 17]","[4, 19]",2025-06-01 02:01:00
Shawn,23,1,4,0.85,72,2,64.96196437846386,100.0,"[5, 8, 9, 10, 15, 16, 20]","[11, 12, 13, 14]",2025-06-01 03:13:00
Shawn,23,1,5,0.75,67,1,80.58733107768066,68.04690556604666,"[4, 6, 11, 12, 13, 15, 16, 18]","[3, 5, 8, 9, 10, 14, 18, 19]",2025-06-01 04:20:00
Shawn,23,2,1,0.81,88,5,86.8627750034275,30.05194002243919,"[8, 13, 19]","[10, 20]",2025-06-01 05:48:00
Shawn,23,2,2,0.47,81,0,87.7514780865703,62.55057454244496,"[2, 8, 11, 12, 13, 14, 16]","[1, 7, 10, 17]",2025-06-01 07:09:00
Shawn,23,2,3,0.94,85,3,62.93495656504248,72.27605719574802,"[5, 13, 20]","[7, 10, 13, 17, 20]",2025-06-01 08:34:00
Shawn,23,2,4,0.66,83,0,100.0,50.5647245369253,"[2, 5, 11, 14, 16, 17]","[2, 4, 8, 13, 16]",2025-06-01 09:57:00
Shawn,23,2,5,0.69,89,1,73.81558660075824,78.34246831905575,"[1, 4, 12, 15, 17, 19, 20]","[3, 8, 16, 17]",2025-06-01 11:26:00
Chelsea,24,1,1,0.62,82,4,79.8037442124415,100.0,"[3, 5, 13, 14, 16, 20]","[1, 5, 11, 12, 13, 14]",2025-06-01 01:22:00
Chelsea,24,1,2,0.98,52,4,55.822428572646324,17.85130081481151,"[3, 9, 11, 13, 19]","[1, 2, 6, 12, 13, 14, 16, 19]",2025-06-01 02:14:00
Chelsea,24,1,3,0.71,60,5,85.7367728745683,100.0,"[2, 11, 13, 16, 18]","[3, 19]",2025-06-01 03:14:00
Chelsea,24,1,4,0.88,67,4,100.0,100.0,[],"[1, 7, 9]",2025-06-01 04:21:00
Chelsea,24,1,5,0.95,32,5,52.422588929301924,65.03206429866512,"[3, 8, 20]","[2, 9, 10, 11, 12, 13, 17, 20]",2025-06-01 04:53:00
Chelsea,24,2,1,0.91,50,5,15.213514422557886,44.29051815661956,"[3, 4, 8, 10, 11, 12, 13, 14]","[2, 3, 5, 13, 14, 16, 20]",2025-06-01 05:43:00
Chelsea,24,2,2,0.96,87,5,100.0,65.0869131476151,[4],"[3, 10]",2025-06-01 07:10:00
Chelsea,24,2,3,0.72,23,3,49.80586243574798,32.364090617406546,"[1, 2, 6, 10, 13, 15, 19]","[5, 7, 11, 13, 17]",2025-06-01 07:33:00
Chelsea,24,2,4,0.55,38,2,37.22410170443785,42.04299059315076,"[2, 3, 10, 12, 14, 18]","[1, 2, 3, 4, 8, 10, 14, 19]",2025-06-01 08:11:00
Chelsea,24,2,5,1.0,89,5,62.14901963584319,100.0,[8],"[2, 4, 10, 11, 14, 15]",2025-06-01 09:40:00
Elizabeth,25,1,1,0.67,32,5,56.874793581508726,43.130260202844994,[],"[1, 4, 5, 6]",2025-06-01 00:32:00
Elizabeth,25,1,2,0.98,42,2,90.57949586297586,42.51128984653586,"[6, 14, 17]","[1, 3, 6, 9, 12, 15, 16, 17, 19]",2025-06-01 01:14:00
Elizabeth,25,1,3,0.93,20,0,61.55773323488325,96.35611853495664,"[3, 6, 8, 13, 16, 20]","[1, 4, 9]",2025-06-01 01:34:00
Elizabeth,25,1,4,0.99,73,5,14.022546600833742,84.14751852730964,"[5, 8, 9, 15, 18, 19]","[11, 14]",2025-06-01 02:47:00
Elizabeth,25,1,5,0.45,90,3,100.0,43.69649983417754,"[1, 9, 15]",[9],2025-06-01 04:17:00
Elizabeth,25,2,1,0.85,34,4,20.70034274517222,53.754621621814636,"[3, 5, 6, 10, 11, 15, 18, 19, 20]","[3, 8, 9, 16, 17, 19]",2025-06-01 04:51:00
Elizabeth,25,2,2,0.78,84,4,100.0,100.0,"[7, 9, 10, 14, 15, 16]","[2, 12, 16, 17]",2025-06-01 06:15:00
Elizabeth,25,2,3,0.88,90,1,71.1549286223487,65.5320380580519,"[4, 16]","[6, 12, 19, 20]",2025-06-01 07:45:00
Elizabeth,25,2,4,0.89,34,1,95.8399600834106,50.714240170842224,"[8, 12, 13]","[1, 4, 8, 9, 14, 15, 16, 18, 19]",2025-06-01 08:19:00
Elizabeth,25,2,5,0.94,40,4,100.0,53.97592607671723,[],"[2, 12, 16]",2025-06-01 08:59:00
Michele,26,1,1,0.87,38,4,94.93670194897189,100.0,"[1, 5, 10, 11, 13, 17, 18, 19, 20]",[13],2025-06-01 00:38:00
Michele,26,1,2,0.55,79,3,100.0,74.01903098484964,"[2, 10, 16]","[2, 5, 6, 8, 14, 19]",2025-06-01 01:57:00
Michele,26,1,3,0.84,52,2,31.885192063295975,44.54584808829273,"[7, 8, 9, 12, 20]","[3, 6, 8, 9, 10, 11, 14]",2025-06-01 02:49:00
Michele,26,1,4,0.65,68,1,61.337784557475544,25.794758763143697,"[4, 5]","[1, 2, 4, 6, 8, 9, 13, 17]",2025-06-01 03:57:00
Michele,26,1,5,0.93,54,2,77.1007021719578,94.82408787029728,"[2, 10, 12, 15, 16, 20]","[2, 3, 6, 9, 10, 13, 15, 17]",2025-06-01 04:51:00
Michele,26,2,1,0.42,63,3,96.66863190636121,20.9061262331157,"[3, 5, 10, 11, 14]","[1, 7, 10, 12, 13, 15, 16]",2025-06-01 05:54:00
Michele,26,2,2,0.6,30,4,78.6969198478775,84.20895729396041,"[5, 6, 7, 12]","[8, 10, 12, 13, 15, 16]",2025-06-01 06:24:00
Michele,26,2,3,0.99,85,5,53.78303405919451,28.529947143765213,[],"[7, 8, 18]",2025-06-01 07:49:00
Michele,26,2,4,0.88,65,2,91.40492032520223,100.0,"[6, 9, 17, 20]","[1, 5, 14]",2025-06-01 08:54:00
Michele,26,2,5,0.68,28,4,73.75626477860912,100.0,"[9, 10, 11, 16]","[1, 8]",2025-06-01 09:22:00
Erika,27,1,1,0.52,22,4,73.43266530586172,95.70285983499019,"[3, 4, 5, 15]","[1, 11, 12, 13, 17, 18, 20]",2025-06-01 00:22:00
Erika,27,1,2,0.7,45,0,34.50767839010775,82.77346280513875,[8],"[4, 10, 13]",2025-06-01 01:07:00
Erika,27,1,3,0.82,67,2,41.097652292929496,53.03421295821936,"[3, 12, 13, 18]","[7, 8, 14, 16, 17]",2025-06-01 02:14:00
Erika,27,1,4,0.62,85,5,64.9197230564472,100.0,"[1, 4, 6, 9, 11, 12, 13, 15]",[],2025-06-01 03:39:00
Erika,27,1,5,0.73,89,2,100.0,70.56773735719078,"[4, 9, 12, 13, 19]","[2, 3, 5, 9]",2025-06-01 05:08:00
Erika,27,2,1,0.92,47,4,79.98869715202376,53.17562407344928,"[1, 8, 11, 16]","[2, 8, 12, 14, 16, 17, 19]",2025-06-01 05:55:00
Erika,27,2,2,0.48,45,5,100.0,100.0,"[3, 8, 20]",[3],2025-06-01 06:40:00
Erika,27,2,3,0.9,44,3,100.0,47.47626026238439,"[10, 15]","[2, 4, 5, 10, 13, 14, 17, 19]",2025-06-01 07:24:00
Erika,27,2,4,0.82,31,0,22.285025693090542,22.607285283582808,"[4, 14]","[2, 5, 6, 7, 8, 10, 14, 18, 19]",2025-06-01 07:55:00
Erika,27,2,5,0.77,24,4,100.0,68.92787696346684,[5],"[11, 15, 20]",2025-06-01 08:19:00
Sharon,28,1,1,0.71,67,1,49.3709391310228,100.0,"[2, 4, 9, 10, 16, 17, 19, 20]","[3, 8, 9]",2025-06-01 01:07:00
Sharon,28,1,2,0.58,56,1,100.0,86.23707557675255,"[5, 13]","[3, 4, 5, 7, 8, 18, 19]",2025-06-01 02:03:00
Sharon,28,1,3,0.82,63,0,97.29224415107674,73.39063329852426,"[12, 14, 15, 18]","[11, 14, 15]",2025-06-01 03:06:00
Sharon,28,1,4,0.87,34,3,78.00524223474045,34.63193465390036,[],[],2025-06-01 03:40:00
Sharon,28,1,5,0.5,62,4,100.0,16.50748315966328,"[4, 5, 10, 14, 16, 19]","[2, 4, 5, 7, 8, 12, 15, 16, 18]",2025-06-01 04:42:00
Sharon,28,2,1,0.61,67,2,72.17935159129014,82.19882113804421,"[2, 7, 8, 9, 12, 14, 15]","[2, 3, 6, 7, 10, 14]",2025-06-01 05:49:00
Sharon,28,2,2,0.88,89,0,88.23739518604869,42.377394210078606,[8],[],2025-06-01 07:18:00
Sharon,28,2,3,0.92,65,3,38.346236072050814,36.828017235907645,"[2, 4, 12, 18, 20]","[3, 5, 8, 11]",2025-06-01 08:23:00
Sharon,28,2,4,0.56,62,2,40.189708672569964,28.965681025918077,[],[],2025-06-01 09:25:00
Sharon,28,2,5,0.85,40,1,90.29149195613876,78.40694874413558,"[9, 13]","[2, 10, 12, 13, 17]",2025-06-01 10:05:00
Michelle,29,1,1,0.76,42,1,42.70367703371732,42.20375114612687,"[3, 4, 7, 11, 15, 18, 20]",[9],2025-06-01 00:42:00
Michelle,29,1,2,0.57,66,2,15.517579210291835,79.16160711305345,"[1, 2, 3, 8, 10, 11, 13, 20]","[1, 6, 8, 13, 15]",2025-06-01 01:48:00
Michelle,29,1,3,0.62,34,0,70.80886203257852,44.65911268848296,"[3, 7]","[1, 4, 5, 13, 15, 16, 18, 19, 20]",2025-06-01 02:22:00
Michelle,29,1,4,0.6,44,1,9.263977394203813,74.79749553183095,"[3, 7, 8, 11, 13, 18, 19]","[5, 7, 13]",2025-06-01 03:06:00
Michelle,29,1,5,0.65,55,4,100.0,67.10243498768713,"[1, 20]","[3, 9, 12]",2025-06-01 04:01:00
Michelle,29,2,1,0.64,70,5,100.0,90.68660942737048,"[1, 2, 5, 6, 9, 11, 19, 20]","[1, 3, 7, 20]",2025-06-01 05:11:00
Michelle,29,2,2,0.77,34,2,100.0,99.11040951621317,[5],"[3, 5, 11, 15]",2025-06-01 05:45:00
Michelle,29,2,3,0.64,87,2,70.6647974434748,62.04117828475074,[],[4],2025-06-01 07:12:00
Michelle,29,2,4,0.75,40,1,100.0,66.64641317920238,[],"[2, 6, 14, 15, 16, 20]",2025-06-01 07:52:00
Michelle,29,2,5,0.42,32,0,64.68408320727491,63.15395656822318,"[1, 8, 11, 12]","[1, 3, 4, 6, 13, 14, 16, 20]",2025-06-01 08:24:00
Jenna,30,1,1,0.43,38,4,37.16878361780259,41.40156055054616,"[1, 2, 6, 9]","[6, 9, 19]",2025-06-01 00:38:00
Jenna,30,1,2,0.42,53,0,74.30653776131963,80.3723385405901,"[3, 4, 5, 8, 14, 17]","[2, 5, 8, 10, 15]",2025-06-01 01:31:00
Jenna,30,1,3,0.58,87,3,92.18848456996264,48.45951726588957,"[4, 12, 15, 17]","[2, 5, 7, 14, 16, 17, 18, 20]",2025-06-01 02:58:00
Jenna,30,1,4,0.96,71,3,100.0,100.0,[15],[],2025-06-01 04:09:00
Jenna,30,1,5,0.87,46,5,93.46325918754269,73.20337540352183,"[2, 8, 10, 17, 20]","[1, 5, 7, 8, 9, 11, 13, 14, 17]",2025-06-01 04:55:00
Jenna,30,2,1,0.46,48,1,65.09863258327648,95.69767591591854,"[1, 2, 7, 13, 15, 16]","[12, 13]",2025-06-01 05:43:00
Jenna,30,2,2,0.72,47,1,84.03510659059283,92.26464767292934,"[3, 4, 6, 10, 15, 16, 17]","[12, 16, 18, 20]",2025-06-01 06:30:00
Jenna,30,2,3,0.73,54,1,72.89241813263612,100.0,"[3, 5, 9, 20]","[17, 19]",2025-06-01 07:24:00
Jenna,30,2,4,0.62,27,5,100.0,35.47234920401464,"[19, 20]","[9, 11, 13]",2025-06-01 07:51:00
Jenna,30,2,5,0.94,35,3,100.0,98.73558030186508,"[11, 18]","[1, 6, 8, 11, 19]",2025-06-01 08:26:00
Renee,31,1,1,0.76,55,0,75.59274450322746,66.97771499909557,"[2, 10, 12, 13, 14, 15, 17, 19, 20]","[2, 4, 9, 10, 12, 13, 16, 17]",2025-06-01 00:55:00
Renee,31,1,2,0.77,49,5,97.22164500415437,70.85558943572937,"[7, 14, 15, 18]",[],2025-06-01 01:44:00
Renee,31,1,3,0.89,37,5,65.05672253620733,100.0,"[8, 11, 13, 14, 15]",[],2025-06-01 02:21:00
Renee,31,1,4,0.92,21,0,100.0,64.55688780039824,[14],"[4, 6, 8, 9, 18]",2025-06-01 02:42:00
Renee,31,1,5,0.69,68,1,43.47685403995712,33.40465854778397,"[4, 6, 9, 11, 14, 19]","[2, 8, 13, 18]",2025-06-01 03:50:00
Renee,31,2,1,0.84,23,4,25.146635526896638,75.68973470993414,"[2, 3, 5, 7, 15, 16, 17, 18]","[6, 12]",2025-06-01 04:13:00
Renee,31,2,2,0.94,26,0,90.60228685467898,68.92824331249061,[],"[1, 6, 8, 11, 12, 15, 17, 20]",2025-06-01 04:39:00
Renee,31,2,3,0.55,58,3,87.41578090632113,45.4097400876322,"[2, 5, 11, 12, 16, 18]","[5, 7, 9, 16, 18, 19, 20]",2025-06-01 05:37:00
Renee,31,2,4,0.45,32,2,100.0,81.63471402897662,"[2, 4, 5, 6, 10, 12, 14, 15, 19]","[2, 3, 4, 6, 10, 15, 16, 18]",2025-06-01 06:09:00
Renee,31,2,5,0.92,50,2,83.26783653625009,82.3593234588754,"[4, 5, 7, 8, 11, 17, 19, 20]","[1, 16, 17]",2025-06-01 06:59:00
Luke,32,1,1,0.5,90,5,100.0,74.45139900789104,[],"[1, 7, 11]",2025-06-01 01:30:00
Luke,32,1,2,0.7,82,2,45.2460764562518,100.0,"[4, 5, 10, 12, 13, 16, 18, 19, 20]","[5, 6, 11]",2025-06-01 02:52:00
Luke,32,1,3,0.89,75,4,28.878482652703877,20.32345664551317,"[1, 3, 9, 14, 17, 18, 19]","[1, 2, 5, 9, 11, 13, 17, 19]",2025-06-01 04:07:00
Luke,32,1,4,0.66,61,1,84.75048841428443,94.85914453037783,"[1, 3, 9, 10, 11, 12, 14]","[3, 4, 6, 12, 13, 20]",2025-06-01 05:08:00
Luke,32,1,5,0.99,80,3,0.0,100.0,"[1, 2, 3, 5, 11, 12, 13, 19, 20]","[5, 10, 11]",2025-06-01 06:28:00
Luke,32,2,1,0.51,61,4,100.0,49.00433184357817,"[7, 13, 17]","[6, 14, 16]",2025-06-01 07:29:00
Luke,32,2,2,0.87,75,3,18.702040534876268,38.8001322047044,"[14, 15]","[3, 6, 8, 10, 11, 12, 18, 20]",2025-06-01 08:44:00
Luke,32,2,3,0.52,55,3,50.98302060688045,35.555657510802725,"[6, 10, 11, 12, 13, 17, 20]",[],2025-06-01 09:39:00
Luke,32,2,4,0.95,87,1,100.0,100.0,"[3, 20]","[5, 6, 10, 12, 13, 19]",2025-06-01 11:06:00
Luke,32,2,5,0.67,26,5,0.0,100.0,"[2, 3, 5, 6, 8, 11, 19, 20]","[1, 19]",2025-06-01 11:32:00
Vickie,33,1,1,0.44,73,2,0.20774592128363167,100.0,"[4, 9, 13, 14, 15, 16, 19, 20]","[13, 19]",2025-06-01 01:13:00
Vickie,33,1,2,0.43,20,1,37.47215053439003,20.435850606397672,"[4, 8, 10, 11, 12, 14, 15, 16, 20]","[2, 6]",2025-06-01 01:33:00
Vickie,33,1,3,0.92,63,4,98.79091545489817,97.88439163303718,"[1, 2, 8, 10, 13, 17, 19]","[3, 4, 8, 11, 16, 20]",2025-06-01 02:36:00
Vickie,33,1,4,0.85,64,5,28.097377915348854,56.21371855972532,"[1, 7, 10, 19]","[3, 8, 11, 12, 20]",2025-06-01 03:40:00
Vickie,33,1,5,0.63,66,4,20.430445694263604,32.86696252372031,"[1, 4, 5, 8, 9, 10, 11]","[3, 6, 11]",2025-06-01 04:46:00
Vickie,33,2,1,0.74,32,5,100.0,84.09015404592138,"[6, 14]","[1, 9, 15]",2025-06-01 05:18:00
Vickie,33,2,2,0.49,41,4,57.65597697195322,46.84045000623696,"[2, 5, 7, 8, 12, 13, 16, 18]","[3, 7, 8, 12]",2025-06-01 05:59:00
Vickie,33,2,3,0.7,40,1,100.0,69.18204702949801,"[1, 2, 14]","[1, 2, 4, 7, 8, 9, 12, 13]",2025-06-01 06:39:00
Vickie,33,2,4,0.48,28,5,100.0,100.0,[15],"[6, 14]",2025-06-01 07:07:00
Vickie,33,2,5,0.63,45,5,100.0,76.29315761461518,[3],"[4, 8, 12, 13, 14, 16, 17, 19]",2025-06-01 07:52:00
Matthew,34,1,1,0.97,28,3,100.0,100.0,"[11, 13, 14, 19]","[3, 6, 8, 15, 19]",2025-06-01 00:28:00
Matthew,34,1,2,0.57,34,3,85.45696789489166,92.8658975968792,"[1, 3, 4, 6, 10, 13, 14]","[2, 10]",2025-06-01 01:02:00
Matthew,34,1,3,0.95,29,0,45.494540013509805,35.24727304221487,"[2, 3, 4, 7, 12, 14, 15, 16, 20]","[1, 4, 9, 11]",2025-06-01 01:31:00
Matthew,34,1,4,0.85,61,4,18.5794517184993,30.251107378787218,"[3, 5, 6, 12, 13, 14, 17, 19, 20]","[2, 3, 6, 11, 12, 13, 18]",2025-06-01 02:32:00
Matthew,34,1,5,0.85,43,3,42.40469944335571,5.386431013177345,[8],"[1, 3, 11, 16, 18]",2025-06-01 03:15:00
Matthew,34,2,1,0.9,68,0,100.0,45.023168713436114,"[3, 4, 6, 9, 11, 15, 16, 17, 19]","[2, 4, 6, 14, 16, 17, 19, 20]",2025-06-01 04:23:00
Matthew,34,2,2,0.59,45,3,28.45556969894713,53.08151590743996,"[3, 4, 5, 8, 12, 16, 17, 19]","[7, 14, 18]",2025-06-01 05:08:00
Matthew,34,2,3,0.76,56,4,100.0,72.52430068614883,[],"[1, 2, 8, 9, 10, 18, 20]",2025-06-01 06:04:00
Matthew,34,2,4,0.97,87,5,33.40248160263562,83.70392057899963,[20],"[13, 16, 18, 19]",2025-06-01 07:31:00
Matthew,34,2,5,0.56,69,2,100.0,100.0,[],"[1, 2, 5, 12]",2025-06-01 08:40:00
Aaron,35,1,1,0.98,43,4,100.0,85.90545641189455,"[3, 5, 6, 10, 13, 15, 16]",[14],2025-06-01 00:43:00
Aaron,35,1,2,0.94,38,1,16.499829102407507,56.17766923272656,"[2, 5, 8, 11, 15, 18, 19, 20]",[],2025-06-01 01:21:00
Aaron,35,1,3,0.71,79,3,100.0,73.39014907184404,"[2, 5, 8, 9, 10, 12, 15, 17, 18]","[1, 3, 4, 7, 10, 16]",2025-06-01 02:40:00
Aaron,35,1,4,0.46,58,3,63.919509127287824,100.0,"[2, 10, 11, 12, 15, 18, 19, 20]","[6, 7]",2025-06-01 03:38:00
Aaron,35,1,5,0.64,37,5,22.54479406649527,43.08490089613136,"[17, 20]","[3, 4, 10, 16, 20]",2025-06-01 04:15:00
Aaron,35,2,1,0.45,38,1,58.59255598381061,85.36177617665228,"[2, 13, 15, 16, 18, 19]",[],2025-06-01 04:53:00
Aaron,35,2,2,0.55,55,5,100.0,46.36009612887407,"[7, 19]","[13, 16, 19]",2025-06-01 05:48:00
Aaron,35,2,3,0.6,74,1,45.43373942138008,48.41702530671168,"[2, 5, 11, 16, 17]",[],2025-06-01 07:02:00
Aaron,35,2,4,0.67,88,2,99.38477085867879,65.23550463670573,"[3, 4, 11, 15]","[3, 6, 7, 9, 13, 15, 16, 18, 19]",2025-06-01 08:30:00
Aaron,35,2,5,0.69,66,3,100.0,41.89720297883133,"[2, 6, 17]","[2, 5, 9, 15, 17, 20]",2025-06-01 09:36:00
Kenneth,36,1,1,0.89,68,3,39.206170451005846,100.0,"[6, 8, 15, 16, 17, 19]",[],2025-06-01 01:08:00
Kenneth,36,1,2,0.54,52,2,72.63662212683755,69.29133800621356,"[10, 12]","[2, 4, 5, 6, 8, 9, 11, 18]",2025-06-01 02:00:00
Kenneth,36,1,3,0.7,40,0,21.59009300328983,33.85154858478155,"[13, 14]","[2, 7, 8, 9, 13, 14, 15, 18, 19]",2025-06-01 02:40:00
Kenneth,36,1,4,0.94,41,5,66.66657457850822,100.0,"[2, 11, 20]","[16, 19]",2025-06-01 03:21:00
Kenneth,36,1,5,0.9,67,2,100.0,37.2672994990561,"[3, 11]","[3, 8, 10, 12, 13, 14, 15, 16]",2025-06-01 04:28:00
Kenneth,36,2,1,0.72,56,5,70.74055362680899,72.2860257426485,"[4, 9, 10, 12, 13, 14, 18]","[2, 4, 5, 13, 17, 19]",2025-06-01 05:24:00
Kenneth,36,2,2,0.85,34,4,35.468245212428435,34.920951303656,"[3, 5, 6, 11, 15, 16, 19, 20]",[15],2025-06-01 05:58:00
Kenneth,36,2,3,0.74,54,3,60.71919462960372,100.0,"[3, 5, 13]","[1, 5, 6, 7, 18, 20]",2025-06-01 06:52:00
Kenneth,36,2,4,0.51,90,5,53.3655670003691,72.24476712753294,"[5, 10, 11, 13, 18]",[],2025-06-01 08:22:00
Kenneth,36,2,5,0.43,51,1,82.52336728244791,67.65606165458087,"[3, 12, 14, 17, 20]","[3, 5, 7, 10, 14, 18, 20]",2025-06-01 09:13:00
Robert,37,1,1,0.58,30,5,45.73177380351038,77.6339472556659,"[1, 6, 7, 8, 10, 12, 13, 17]","[3, 9, 11, 13, 18, 20]",2025-06-01 00:30:00
Robert,37,1,2,0.49,29,4,58.31027354583828,52.09680871239544,"[5, 7, 8]","[9, 11, 13, 18]",2025-06-01 00:59:00
Robert,37,1,3,0.88,76,3,28.144545399168877,37.4147598163113,"[3, 5, 10]","[1, 15, 17, 20]",2025-06-01 02:15:00
Robert,37,1,4,0.7,44,2,77.62717396733845,65.52168133540808,"[4, 17]","[4, 14]",2025-06-01 02:59:00
Robert,37,1,5,0.74,21,4,100.0,57.13985709312222,"[17, 18]","[4, 5, 10, 14, 17, 19]",2025-06-01 03:20:00
Robert,37,2,1,0.54,83,3,51.49132759981294,78.85154960214263,"[2, 3, 5, 11, 12, 13, 15, 18]","[4, 5, 7, 10, 12, 14, 18]",2025-06-01 04:43:00
Robert,37,2,2,0.42,54,5,62.66319107563149,72.22867516529128,[20],"[2, 6, 16, 19, 20]",2025-06-01 05:37:00
Robert,37,2,3,0.93,26,0,41.323347946590296,100.0,"[2, 6, 11, 12, 14, 15]","[5, 9, 13, 19]",2025-06-01 06:03:00
Robert,37,2,4,0.73,37,0,100.0,81.50600529857812,[],"[2, 8, 11, 12, 13, 20]",2025-06-01 06:40:00
Robert,37,2,5,0.91,86,1,59.322149255198426,16.304276237206203,[8],"[1, 9, 11, 12, 16]",2025-06-01 08:06:00
Phillip,38,1,1,0.46,61,3,100.0,100.0,"[10, 15]",[10],2025-06-01 01:01:00
Phillip,38,1,2,0.69,58,0,19.117526464078793,43.41329517099997,"[8, 10, 13, 15, 18, 19, 20]","[4, 9, 10, 16]",2025-06-01 01:59:00
Phillip,38,1,3,0.79,60,2,95.63448901338369,100.0,"[7, 12, 15, 16]","[5, 8, 10]",2025-06-01 02:59:00
Phillip,38,1,4,0.9,43,3,74.98227410014232,84.06427184795146,"[10, 15]","[3, 9, 11, 14, 15]",2025-06-01 03:42:00
Phillip,38,1,5,0.44,79,2,33.04429855088005,21.881836739063527,"[13, 17]","[7, 14, 15, 20]",2025-06-01 05:01:00
Phillip,38,2,1,0.61,65,2,86.64346627672086,75.52042502267474,"[6, 7, 14, 17]","[2, 5, 6, 12, 16, 17, 19]",2025-06-01 06:06:00
Phillip,38,2,2,0.74,38,0,100.0,99.39464262348454,"[2, 5, 9, 20]","[5, 13, 17, 20]",2025-06-01 06:44:00
Phillip,38,2,3,0.73,87,3,27.465685810528267,35.05453061988219,"[4, 5, 12, 16, 17, 18]","[1, 6, 7, 17, 19]",2025-06-01 08:11:00
Phillip,38,2,4,0.92,61,5,91.23246613976421,71.30429136006387,[3],"[2, 6, 8, 15, 17, 18, 20]",2025-06-01 09:12:00
Phillip,38,2,5,0.42,51,4,85.7958949645774,100.0,"[5, 6, 7, 9, 14, 15, 17]","[7, 9, 11, 12, 13, 15]",2025-06-01 10:03:00
Laura,39,1,1,0.81,58,0,100.0,60.52411983449151,"[3, 8]","[1, 4, 8]",2025-06-01 00:58:00
Laura,39,1,2,0.99,55,0,38.574417294419284,33.09381563569989,[15],"[12, 16]",2025-06-01 01:53:00
Laura,39,1,3,0.82,55,5,82.0284452361185,99.16107734378096,[12],"[6, 15, 16, 20]",2025-06-01 02:48:00
Laura,39,1,4,0.59,22,3,75.23126315719081,85.99577781044383,"[1, 2, 12, 13, 14]","[6, 12, 18, 19, 20]",2025-06-01 03:10:00
Laura,39,1,5,0.42,27,3,36.4193131798534,48.371612432478706,"[1, 3, 8, 12, 13, 20]",[9],2025-06-01 03:37:00
Laura,39,2,1,0.68,89,2,100.0,100.0,[],"[3, 10]",2025-06-01 05:06:00
Laura,39,2,2,0.86,60,5,52.76116784518629,67.11469085114149,"[4, 11, 20]","[1, 2, 6, 13]",2025-06-01 06:06:00
Laura,39,2,3,0.83,87,5,75.48240114841842,93.33115606747762,"[2, 5, 10, 12, 16, 20]","[7, 8, 18, 19]",2025-06-01 07:33:00
Laura,39,2,4,0.84,32,3,26.028547549591217,16.205312542732326,"[1, 3, 5, 15, 16, 17]","[1, 7, 9, 14, 17, 18]",2025-06-01 08:05:00
Laura,39,2,5,0.6,68,2,100.0,57.4371850617096,"[5, 7, 9]","[1, 4, 5, 6, 16, 18, 20]",2025-06-01 09:13:00
Melissa,40,1,1,0.66,79,0,68.8470108293449,100.0,"[14, 17, 18]","[10, 20]",2025-06-01 01:19:00
Melissa,40,1,2,0.55,21,1,41.14906911506941,34.85444234120945,"[4, 10]","[9, 12, 13, 14, 15]",2025-06-01 01:40:00
Melissa,40,1,3,0.88,79,4,100.0,100.0,[],"[7, 9, 10, 13, 15]",2025-06-01 02:59:00
Melissa,40,1,4,0.94,24,0,62.38364401215088,22.391023634606803,"[2, 4, 7, 8, 10, 11, 13, 20]","[1, 4, 9, 12, 17, 19]",2025-06-01 03:23:00
Melissa,40,1,5,0.48,63,3,59.08173873079265,29.423147081890402,"[3, 15, 20]","[4, 10, 16, 19, 20]",2025-06-01 04:26:00
Melissa,40,2,1,0.61,46,4,54.0176554569893,41.41344208772654,[],"[3, 5, 9, 11, 17, 18, 19]",2025-06-01 05:12:00
Melissa,40,2,2,0.93,51,1,65.96543449370958,56.638369805523794,"[1, 3, 4, 8, 12, 16, 18]","[5, 7, 8, 10, 17]",2025-06-01 06:03:00
Melissa,40,2,3,0.88,40,1,93.49441677625974,83.14197801219233,"[1, 7, 8, 10, 12, 14, 20]",[],2025-06-01 06:43:00
Melissa,40,2,4,0.88,27,2,42.38865681093087,43.22411993130985,"[3, 6, 9, 12, 14, 15, 17, 19]","[2, 5, 11, 13]",2025-06-01 07:10:00
Melissa,40,2,5,0.96,69,4,72.41987068929629,74.7342215071995,[17],"[1, 7, 9, 10, 12, 14, 15, 16, 20]",2025-06-01 08:19:00
Andrew,41,1,1,0.47,86,2,35.491371992536905,52.65634520286944,"[1, 2, 6, 7, 11, 13, 16, 18]","[7, 8, 9, 11, 17, 19, 20]",2025-06-01 01:26:00
Andrew,41,1,2,0.8,63,0,29.485780152767248,88.28853889058153,"[1, 3, 9, 12, 18]","[12, 16, 17]",2025-06-01 02:29:00
Andrew,41,1,3,0.93,77,5,91.43471357937665,66.59980947464294,"[2, 4, 5, 6, 8, 9, 11, 15, 18]","[6, 10, 18, 19]",2025-06-01 03:46:00
Andrew,41,1,4,0.63,22,5,90.10211731033249,76.8866106375597,[],[10],2025-06-01 04:08:00
Andrew,41,1,5,0.41,89,5,56.90569419108089,100.0,"[2, 5, 6, 15, 16, 20]","[4, 5, 6, 9, 16]",2025-06-01 05:37:00
Andrew,41,2,1,0.79,21,4,1.6608582450163212,100.0,"[1, 2, 4, 7, 10, 13, 15, 19]","[3, 11]",2025-06-01 05:58:00
Andrew,41,2,2,0.61,63,5,25.217827166354503,5.522762622503874,"[10, 11, 17]","[6, 8, 10, 12, 13, 14, 16, 20]",2025-06-01 07:01:00
Andrew,41,2,3,0.99,21,0,100.0,4.242388088043306,[13],"[1, 4, 8, 9, 10, 11, 15, 18, 19]",2025-06-01 07:22:00
Andrew,41,2,4,0.8,54,2,44.000770154892514,45.9378170877231,"[9, 16, 18]","[3, 4, 7, 11, 14, 16, 17, 19]",2025-06-01 08:16:00
Andrew,41,2,5,0.84,49,4,59.16341586007861,29.776692117045116,"[2, 7, 10]","[2, 5, 10, 14, 17]",2025-06-01 09:05:00
Harry,42,1,1,0.7,27,2,46.25709713011175,19.379656997593248,[12],"[5, 7, 11]",2025-06-01 00:27:00
Harry,42,1,2,0.86,41,4,42.988672790555455,100.0,"[2, 4, 7, 9, 11, 12]","[14, 15, 19]",2025-06-01 01:08:00
Harry,42,1,3,0.6,63,2,100.0,70.43406661343963,"[6, 8, 11, 13, 15, 20]","[3, 5, 6, 11, 16, 18, 19]",2025-06-01 02:11:00
Harry,42,1,4,0.41,77,1,100.0,74.59564945085107,"[2, 3, 7, 9, 12, 14, 16, 17, 19]","[1, 2, 5, 6, 11, 15]",2025-06-01 03:28:00
Harry,42,1,5,0.45,55,2,38.58195050631771,39.690662421819376,"[6, 10, 18, 20]","[3, 6, 7, 10, 16, 17, 19, 20]",2025-06-01 04:23:00
Harry,42,2,1,0.69,88,5,0.0,28.74098812468616,"[3, 4, 5, 8, 10, 11, 16, 20]","[13, 14]",2025-06-01 05:51:00
Harry,42,2,2,0.89,50,1,58.37556490796655,28.225578989739724,"[1, 6, 12, 14, 15, 18]","[1, 2, 9, 13, 14, 16]",2025-06-01 06:41:00
Harry,42,2,3,0.76,66,2,62.43270822500665,100.0,"[2, 3, 6, 7, 9, 11, 12, 14, 15]",[7],2025-06-01 07:47:00
Harry,42,2,4,0.82,74,4,60.674661398452066,28.320597525787136,"[1, 5, 6, 15, 17]","[1, 7, 11, 12, 17, 18, 19]",2025-06-01 09:01:00
Harry,42,2,5,0.57,81,4,87.02010337603093,47.95556985229804,[2],"[1, 8, 12, 19]",2025-06-01 10:22:00
Douglas,43,1,1,0.42,49,4,70.63072186440226,34.19395687256113,[5],"[1, 2, 3, 4, 5, 10, 13, 20]",2025-06-01 00:49:00
Douglas,43,1,2,0.54,74,3,81.87914489479043,100.0,"[1, 3, 8, 10, 12, 13, 15, 18, 20]","[10, 15, 17, 20]",2025-06-01 02:03:00
Douglas,43,1,3,0.63,35,0,94.71775278830857,100.0,[15],"[17, 20]",2025-06-01 02:38:00
Douglas,43,1,4,0.94,31,4,100.0,94.31090797130403,"[3, 5, 12, 15, 20]","[5, 6, 11, 14, 16, 20]",2025-06-01 03:09:00
Douglas,43,1,5,0.82,36,1,100.0,60.14308854347684,"[12, 17]","[1, 3, 4, 6, 7, 8, 12, 13, 15]",2025-06-01 03:45:00
Douglas,43,2,1,0.75,35,4,21.30504209336896,39.21981979097587,"[8, 9, 11, 13]","[1, 4, 6, 11, 12, 17, 18, 19, 20]",2025-06-01 04:20:00
Douglas,43,2,2,0.47,31,3,73.20007423088862,90.5510913487426,[4],"[2, 9, 13, 17, 18]",2025-06-01 04:51:00
Douglas,43,2,3,0.88,27,5,82.154589442109,14.188897723221373,[],"[1, 2, 4, 7, 8, 9, 14, 18, 20]",2025-06-01 05:18:00
Douglas,43,2,4,0.91,22,1,100.0,62.28403805166393,"[1, 6, 16, 17]","[9, 16]",2025-06-01 05:40:00
Douglas,43,2,5,0.55,35,3,89.02233774334799,91.21702306052293,"[4, 13, 18]","[1, 5, 7, 10, 11, 14]",2025-06-01 06:15:00
Carlos,44,1,1,0.95,49,5,100.0,40.41570491364622,[9],"[4, 5, 9, 14, 17]",2025-06-01 00:49:00
Carlos,44,1,2,0.84,42,1,11.990977346673557,33.40074316354943,"[7, 9, 10, 15, 16]","[4, 17, 20]",2025-06-01 01:31:00
Carlos,44,1,3,0.46,24,2,62.86604141847315,83.23741688807745,"[3, 4, 5, 7, 8, 12, 15, 17]","[4, 10, 19]",2025-06-01 01:55:00
Carlos,44,1,4,0.45,84,0,97.40861109822295,71.13962628367766,"[3, 10, 11, 12, 15, 20]","[7, 16, 19]",2025-06-01 03:19:00
Carlos,44,1,5,0.72,49,0,100.0,7.845895760397944,"[6, 10]","[1, 3, 5, 7, 9, 12, 14, 17]",2025-06-01 04:08:00
Carlos,44,2,1,0.84,40,3,74.82840789226462,77.5108454592149,"[3, 4, 6, 8, 12, 13, 16, 17]",[18],2025-06-01 04:48:00
Carlos,44,2,2,0.91,89,5,95.3509432515472,73.37111436749184,[8],[16],2025-06-01 06:17:00
Carlos,44,2,3,0.98,41,0,80.66201923930223,94.23260386363046,"[1, 12, 16, 18]","[7, 16]",2025-06-01 06:58:00
Carlos,44,2,4,0.55,51,5,9.94872603443672,56.18012935918612,"[3, 5, 7, 15, 17, 18, 19]","[8, 11]",2025-06-01 07:49:00
Carlos,44,2,5,0.4,52,5,47.69049029195452,77.90933158052371,"[3, 14, 16, 17, 18, 20]","[1, 3, 4, 16, 18, 20]",2025-06-01 08:41:00
Jill,45,1,1,0.56,35,3,49.234942845039654,30.264696940154263,"[3, 11, 15, 18]","[3, 4, 17, 20]",2025-06-01 00:35:00
Jill,45,1,2,0.62,57,3,58.67253165820671,72.70610658297895,"[5, 6, 12, 17]","[1, 2, 8, 9, 10, 15, 19, 20]",2025-06-01 01:32:00
Jill,45,1,3,0.75,33,3,94.59490122899464,46.20487062581194,"[2, 4, 5, 14, 17]","[2, 6, 10]",2025-06-01 02:05:00
Jill,45,1,4,0.59,55,0,73.60060029329388,7.233600465526628,"[4, 5, 6, 10, 12, 16, 17, 20]","[1, 4, 11, 12, 13, 14, 15, 17, 18]",2025-06-01 03:00:00
Jill,45,1,5,0.85,42,3,100.0,33.7663372925388,"[10, 12, 17]",[5],2025-06-01 03:42:00
Jill,45,2,1,0.73,85,0,98.86766243943072,62.90950684499564,"[3, 5, 7, 9, 19]","[6, 9, 11, 12, 15]",2025-06-01 05:07:00
Jill,45,2,2,0.48,21,3,82.13482697022528,54.25015067611066,"[3, 6, 10, 17, 18]","[3, 4, 6, 11, 12]",2025-06-01 05:28:00
Jill,45,2,3,0.97,84,4,100.0,100.0,[19],"[9, 13, 15, 20]",2025-06-01 06:52:00
Jill,45,2,4,0.69,86,5,99.13231373768582,79.99347065697881,"[2, 5, 6, 11, 14, 19]",[13],2025-06-01 08:18:00
Jill,45,2,5,0.82,71,3,76.30194207128721,90.16733626360954,"[1, 3]","[6, 14, 16]",2025-06-01 09:29:00
Kimberly,46,1,1,0.8,81,1,26.470163739531124,38.42330822602882,"[1, 2, 7, 9, 10, 11, 14, 19]","[2, 4, 5, 6, 7, 8, 10, 14, 20]",2025-06-01 01:21:00
Kimberly,46,1,2,0.78,42,5,39.90957317349379,32.52210922943206,"[10, 16, 18]","[1, 6, 12, 13, 15]",2025-06-01 02:03:00
Kimberly,46,1,3,0.42,45,5,70.16325125935508,100.0,"[8, 10, 16]",[5],2025-06-01 02:48:00
Kimberly,46,1,4,0.97,87,3,100.0,83.26837218777978,"[3, 10, 13, 15]","[1, 2, 4, 5, 11, 14, 15, 16, 20]",2025-06-01 04:15:00
Kimberly,46,1,5,0.95,74,2,61.066013519656636,33.538051397465594,"[2, 6, 14, 15]","[1, 8, 9, 11, 15, 17, 20]",2025-06-01 05:29:00
Kimberly,46,2,1,0.75,25,3,50.403362197574644,41.74969952321548,"[5, 7, 11, 15, 16]","[4, 14, 20]",2025-06-01 05:54:00
Kimberly,46,2,2,0.64,54,5,55.09371152623564,58.11853437763533,"[5, 6, 11, 12, 13, 17, 20]","[5, 8, 12, 13, 16]",2025-06-01 06:48:00
Kimberly,46,2,3,0.48,41,1,75.75215038123231,52.20741684737209,"[2, 4, 8, 11, 16, 17, 18]","[1, 2, 18]",2025-06-01 07:29:00
Kimberly,46,2,4,0.53,62,5,91.49230754474509,19.717560206976366,"[8, 9, 15]","[2, 6, 8, 13, 16, 17, 18, 20]",2025-06-01 08:31:00
Kimberly,46,2,5,0.43,34,1,29.65383206456461,34.783770970811645,"[2, 4, 5, 7, 10, 13, 14, 17, 19]","[2, 4, 8, 9, 11, 17, 20]",2025-06-01 09:05:00
David,47,1,1,0.59,79,0,62.46308504653188,97.57383062957055,"[6, 7, 8, 9, 11, 19, 20]",[18],2025-06-01 01:19:00
David,47,1,2,0.78,31,4,34.84333566997907,6.854774126947739,"[10, 15, 16, 19]","[3, 8, 10, 13, 15, 18, 19, 20]",2025-06-01 01:50:00
David,47,1,3,0.68,68,5,55.2644457218859,76.56112918771971,"[1, 3, 4, 6, 10, 13, 15, 16, 17]","[3, 15]",2025-06-01 02:58:00
David,47,1,4,0.97,61,3,62.75419636976202,91.32019761559425,[],"[4, 11, 12, 15, 16, 20]",2025-06-01 03:59:00
David,47,1,5,0.75,57,0,100.0,91.77209581249835,"[2, 5, 10, 16, 17, 20]","[1, 4, 13, 14]",2025-06-01 04:56:00
David,47,2,1,0.74,64,4,43.375671449558745,22.952494737726376,"[1, 4, 18]","[1, 2, 3, 10, 13, 14, 18, 19]",2025-06-01 06:00:00
David,47,2,2,0.88,54,3,55.55813321236964,100.0,"[5, 9, 12, 13, 14]","[7, 10, 17, 18]",2025-06-01 06:54:00
David,47,2,3,0.64,49,2,100.0,100.0,"[2, 7, 12, 13, 19]","[2, 8, 11, 12, 15]",2025-06-01 07:43:00
David,47,2,4,0.99,49,3,86.6661804581691,93.68487362669174,"[3, 9, 10, 12, 13, 18]",[15],2025-06-01 08:32:00
David,47,2,5,0.72,25,1,35.60191142518162,25.280146609826417,"[2, 4, 5, 9, 15, 18]","[11, 18]",2025-06-01 08:57:00
Dylan,48,1,1,0.71,86,1,33.80429988147106,100.0,"[4, 5, 9, 10, 11, 12, 13, 19]",[],2025-06-01 01:26:00
Dylan,48,1,2,0.72,26,2,58.99654727655165,28.85690447098603,"[2, 3, 12, 13, 17, 18, 19]","[16, 20]",2025-06-01 01:52:00
Dylan,48,1,3,0.73,71,0,30.92116836522799,53.18071068407362,"[5, 9, 10, 11, 15, 16, 17]","[1, 4, 6, 8, 12, 15, 18]",2025-06-01 03:03:00
Dylan,48,1,4,0.74,33,4,74.81222173912616,100.0,"[5, 6, 10, 11, 12, 13, 19, 20]","[10, 12, 17, 18, 20]",2025-06-01 03:36:00
Dylan,48,1,5,0.84,34,3,100.0,100.0,"[11, 17, 19]",[],2025-06-01 04:10:00
Dylan,48,2,1,0.63,40,1,49.728310820449025,34.54425596150982,"[10, 16, 17, 18, 19]","[2, 4, 5, 6, 12, 14, 16]",2025-06-01 04:50:00
Dylan,48,2,2,0.49,54,0,91.35484609231224,84.52524721413427,"[1, 4, 5, 10, 11, 12, 13, 14, 19]",[14],2025-06-01 05:44:00
Dylan,48,2,3,0.59,85,2,49.23885701151175,30.74272770921594,[1],"[4, 7, 9, 14, 15, 18, 20]",2025-06-01 07:09:00
Dylan,48,2,4,0.97,21,5,78.49385169814047,85.67824040873684,[],[],2025-06-01 07:30:00
Dylan,48,2,5,0.98,54,1,66.90954467088864,100.0,"[2, 8, 9, 10, 16, 17, 20]","[7, 13]",2025-06-01 08:24:00
Rachel,49,1,1,0.73,39,2,64.13789583931192,78.67421711739098,"[1, 5, 6, 8, 10, 13, 17]","[1, 4, 7, 11, 14, 15, 16, 18]",2025-06-01 00:39:00
Rachel,49,1,2,0.45,29,3,0.0,74.15205594342103,"[1, 3, 4, 7, 11, 15, 17, 19]","[4, 5, 8, 15, 18, 19]",2025-06-01 01:08:00
Rachel,49,1,3,0.57,44,4,64.84613573203941,38.06596888820386,"[7, 14, 16, 17]","[1, 2, 3, 9, 13, 14, 15, 16, 17]",2025-06-01 01:52:00
Rachel,49,1,4,0.78,85,1,49.68277885420316,52.28162622369472,"[2, 5]","[4, 5, 6, 10, 11, 13, 19]",2025-06-01 03:17:00
Rachel,49,1,5,0.85,44,1,84.54847771752739,100.0,[17],"[11, 20]",2025-06-01 04:01:00
Rachel,49,2,1,0.6,73,3,28.944886663788,27.428327769853816,"[3, 6, 7, 11, 13, 16, 18]",[17],2025-06-01 05:14:00
Rachel,49,2,2,0.54,52,5,100.0,47.46488442706423,[],"[5, 6, 8, 9, 13, 14, 18, 20]",2025-06-01 06:06:00
Rachel,49,2,3,0.45,55,0,75.25822766525974,100.0,[],[5],2025-06-01 07:01:00
Rachel,49,2,4,0.42,33,4,100.0,57.03781966724292,[15],"[5, 10, 14, 17]",2025-06-01 07:34:00
Rachel,49,2,5,0.47,84,1,47.023118773459444,75.21682673954072,"[11, 18, 20]","[4, 7, 10, 11, 17, 18, 20]",2025-06-01 08:58:00
Keith,50,1,1,0.51,73,4,54.09851099377906,52.361033485743725,"[9, 12]","[5, 6, 10, 12]",2025-06-01 01:13:00
Keith,50,1,2,0.9,71,1,43.743527634015535,4.825450672370243,"[16, 20]",[],2025-06-01 02:24:00
Keith,50,1,3,0.75,22,4,61.273588319005675,52.167485302370345,"[5, 7, 8, 9, 10, 19]","[4, 8, 9, 10, 11, 12, 13, 17, 18]",2025-06-01 02:46:00
Keith,50,1,4,0.67,60,2,90.85658738321771,64.1964528681259,"[6, 7, 9, 10, 11, 13, 16, 18]","[1, 2, 9, 10, 14, 18, 20]",2025-06-01 03:46:00
Keith,50,1,5,0.63,25,1,32.77455401513128,25.663751083967178,"[4, 9, 10, 13, 14, 17]","[1, 2, 4, 5, 13, 17]",2025-06-01 04:11:00
Keith,50,2,1,0.94,44,4,46.6518283184246,55.04717819587435,"[2, 5, 6, 8, 10, 12, 17, 18, 20]","[6, 9]",2025-06-01 04:55:00
Keith,50,2,2,0.83,32,0,100.0,72.23874125277385,"[9, 16]","[1, 2, 4, 5, 9, 10, 13, 19, 20]",2025-06-01 05:27:00
Keith,50,2,3,0.78,27,2,32.52829894131752,36.50253327557296,"[2, 3, 7, 9, 10, 17, 18, 20]","[4, 8, 9, 12, 13, 15, 18]",2025-06-01 05:54:00
Keith,50,2,4,0.82,40,2,91.92605946731975,55.1990546810312,[],"[2, 10, 11, 13, 14, 17, 18]",2025-06-01 06:34:00
Keith,50,2,5,0.94,87,0,98.59844706763104,77.58596150388249,"[2, 4, 8, 11, 18, 19, 20]","[1, 2, 4, 9, 10, 11, 13, 18]",2025-06-01 08:01:00
